name,images
Akhmed_Zakayev,3.0
Alejandro_Atchugarry,2.0
Amber_Tamblyn,2.0
Angela_Lansbury,2.0
Anthony_Fauci,2.0
Anwar_Ibrahim,2.0
Augusto_Pinochet,2.0
Barbara_Brezigar,2.0
Barbra_Streisand,3.0
Ben_Glisan,2.0
Bertrand_Bonello,2.0
Bill_Nelson,2.0
Brian_Griese,2.0
Candice_Bergen,3.0
Carl_Reiner,2.0
Carla_Myers,2.0
Cathy_Freeman,2.0
Chang_Dae-whan,2.0
Charles_Grassley,2.0
Corinne_Coman,2.0
Dai_Bachtiar,2.0
David_Bell,2.0
David_Caruso,3.0
Dick_Vermeil,2.0
Doris_Roberts,3.0
Dorthy_Moxley,2.0
Drew_Barrymore,2.0
Elinor_Caplan,2.0
Emmanuelle_Beart,3.0
Erika_Christensen,2.0
Federico_Trillo,3.0
Flor_Montulo,2.0
Francis_Ford_Coppola,2.0
Fred_Thompson,3.0
Garry_Trudeau,2.0
Gary_Williams,2.0
Gerardo_Gambala,2.0
Gerry_Parsky,2.0
Gian_Marco,3.0
Gillian_Anderson,2.0
Guy_Ritchie,2.0
Hamzah_Haz,2.0
Harbhajan_Singh,2.0
Hootie_Johnson,2.0
Isaiah_Washington,2.0
Jack_Grubman,2.0
James_Caan,3.0
James_Jones,2.0
Jamling_Norgay,2.0
Janica_Kostelic,2.0
Jeanne_Moreau,2.0
Jeffrey_Archer,2.0
Jessica_Lange,2.0
Jimmy_Kimmel,2.0
Jodie_Foster,3.0
Johnson_Panjaitan,2.0
Jong_Thae_Hwa,2.0
Jorge_Castaneda,2.0
Jose_Theodore,2.0
Jose_Viegas_Filho,2.0
Joseph_Blatter,2.0
Joseph_Ralston,2.0
Julianna_Margulies,2.0
Justin_Guarini,3.0
Justine_Henin,3.0
Kathy_Winters,2.0
Kelvin_Sampson,3.0
Kevin_Stallings,2.0
Kristin_Davis,3.0
Laurent_Jalabert,2.0
LeAnn_Rimes,2.0
Leon_LaPorte,2.0
Lindsey_Graham,2.0
Lisa_Gottsegen,2.0
Mario_Dumont,2.0
Marlene_Weingartner,2.0
Martha_Bowen,2.0
Martin_Cauchon,2.0
Martin_Hoellwarth,2.0
Martin_Sheen,2.0
Martina_Hingis,3.0
Mikhail_Gorbachev,2.0
Milo_Djukanovic,3.0
Mitoji_Yabunaka,2.0
Naomi_Campbell,2.0
Nicolas_Lapentti,2.0
Noah_Wyle,3.0
Nora_Bendijo,2.0
Nursultan_Nazarbayev,2.0
Patricia_Heaton,2.0
Paul_Sarbanes,3.0
Paul_William_Hurley,2.0
Phil_Gramm,2.0
Prince_Edward,2.0
Ricardo_Monasterio,2.0
Rich_Gannon,2.0
Richard_Sambrook,2.0
Robert_Bonner,3.0
Robert_Evans,3.0
Robert_Fico,2.0
Saeb_Erekat,2.0
Sam_Bith,3.0
Sean_Hayes,2.0
Sergio_Garcia,2.0
Silvia_Farina_Elia,3.0
Steve_Ballmer,3.0
Stockard_Channing,3.0
Terry_McAuliffe,3.0
Thomas_Rupprath,3.0
Tom_Coverdale,2.0
Tom_Glavine,2.0
Tomoko_Hagiwara,2.0
Tsutomu_Takebe,2.0
Tyler_Hamilton,2.0
Tyra_Banks,2.0
Valerie_Harper,2.0
Vincent_Gallo,3.0
William_Martin,2.0
Yukiko_Okudo,2.0
Zico,3.0
Adel_Al-Jubeir,3.0
Adolfo_Rodriguez_Saa,2.0
Alberto_Fujimori,2.0
Alex_Penelas,2.0
Alexandra_Stevenson,3.0
Alexandra_Vodjanikova,2.0
Alicia_Silverstone,2.0
Annette_Lu,3.0
Arnold_Palmer,3.0
Aron_Ralston,2.0
Arturo_Gatti,3.0
Bernardo_Segura,2.0
Bo_Pelini,2.0
Bobby_Robson,2.0
Bode_Miller,2.0
Caroline_Kennedy,3.0
Celso_Amorim,2.0
Chan_Gailey,3.0
Charles_Bronson,3.0
Charles_Kartman,2.0
Charles_Schumer,2.0
Chris_Rock,2.0
Dalai_Lama,2.0
Daryl_Hannah,2.0
Diane_Green,2.0
Dianne_Feinstein,3.0
Dick_Clark,3.0
Dwayne_Johnson,2.0
Ed_Rosenthal,3.0
Erik_Morales,3.0
Evan_Rachel_Wood,3.0
Evander_Holyfield,2.0
Eve_Pelletier,2.0
Farouk_al-Sharaa,3.0
Frank_Cassell,3.0
Gao_Qiang,2.0
George_Brumley,2.0
Gloria_Allred,2.0
Greg_Ostertag,2.0
Greg_Owen,2.0
Guido_Westerwelle,2.0
Hanan_Ashrawi,2.0
Harry_Kalas,2.0
Hayley_Tullett,2.0
Ian_McKellen,3.0
Ibrahim_Jaafari,2.0
Isabella_Rossellini,3.0
Ishaq_Shahryar,2.0
Ismail_Merchant,2.0
James_Cameron,3.0
Jamie_Villafane,2.0
Jason_Alexander,2.0
Jennifer_Reilly,2.0
Jennifer_Thompson,2.0
Johnny_Carson,2.0
Jorge_Batlle,3.0
Jorge_Rodolfo_Canicoba_Corral,2.0
Juan_Ignacio_Chela,3.0
Justin_Gatlin,2.0
Karen_Mok,2.0
Katie_Harman,3.0
Kenneth_Branagh,2.0
Larry_Lindsey,2.0
Lesley_McCulloch,3.0
Lisa_Ling,2.0
Mack_Brown,2.0
Manfred_Stolpe,2.0
Maria_Luisa_Mendonca,2.0
Mario_Kreutzberger,2.0
Melissa_Etheridge,2.0
Mikhail_Youzhny,3.0
Monique_Garbrecht-Enfeldt,3.0
Norodom_Sihanouk,3.0
Owen_Wilson,2.0
Peter_Bacanovic,2.0
Philippe_Noiret,2.0
Placido_Domingo,3.0
Prince_William,2.0
Princess_Aiko,2.0
Priscilla_Presley,2.0
Richard_Haass,2.0
Richard_Shelby,2.0
Rick_Barnes,3.0
Rick_Dinse,3.0
Rio_Ferdinand,2.0
Rita_Grande,3.0
Robin_McLaurin_Williams,2.0
Rod_Stewart,3.0
Russell_Crowe,2.0
S_Jayakumar,2.0
Sharon_Frey,2.0
Ted_Maher,2.0
Theresa_May,3.0
Thierry_Falise,3.0
Tippi_Hedren,2.0
Wang_Yingfan,3.0
William_Bratton,3.0
Zarai_Toledo,2.0
Aaron_Sorkin,2.0
Abid_Hamid_Mahmud_Al-Tikriti,3.0
Alan_Ball,2.0
Ali_Khamenei,3.0
Arye_Mekel,2.0
Biljana_Plavsic,3.0
Bridget_Fonda,3.0
Carlos_Ruiz,3.0
Carly_Fiorina,3.0
Chuck_Yeager,2.0
Chung_Mong-joon,2.0
Claire_Hentzen,2.0
Claire_Leger,2.0
Darren_Clarke,2.0
David_Caraway,2.0
David_Leahy,2.0
Dino_de_Laurentis,2.0
Don_Nickles,2.0
Edwin_Edwards,3.0
Eric_Rosser,2.0
Ernie_Eves,2.0
Ernie_Fletcher,2.0
Eva_Dimas,2.0
Frank_Lautenberg,2.0
Gisele_Bundchen,2.0
Greg_Gilbert,2.0
Harvey_Weinstein,2.0
Hashim_Thaci,2.0
Hassan_Wirajuda,2.0
Hector_Babenco,3.0
Hideki_Matsui,2.0
Hisao_Oguchi,2.0
JJ_Redick,2.0
Jane_Fonda,2.0
Jean_Brumley,2.0
Jean_Carnahan,2.0
Jeremy_Shockey,2.0
Jessica_Lynch,2.0
Jim_Harrick,2.0
John_Banko,2.0
John_Wolf,2.0
Judi_Dench,2.0
Judy_Genshaft,2.0
Keira_Knightley,2.0
Ken_Watanabe,2.0
Kent_Rominger,2.0
Kieran_Prendergast,2.0
Kirk_Ferentz,2.0
Kurt_Busch,2.0
Larry_Bowa,2.0
Lauren_Hutton,2.0
Leland_Chapman,2.0
Leslie_Ann_Woodward,2.0
Leslie_Moonves,2.0
Lyle_Vanclief,2.0
Magui_Serna,2.0
Makhdoom_Amin_Fahim,3.0
Manuel_Poggiali,2.0
Marc-Andre_Fleury,2.0
Marie-Reine_Le_Gougne,2.0
Marieta_Chrousala,3.0
Marina_Anissina,2.0
Mark_Hamister,2.0
Martin_Brodeur,2.0
Martin_McCauley,2.0
Martin_Verkerk,3.0
Matt_Doherty,3.0
Meghann_Shaughnessy,2.0
Michael_Capellas,2.0
Michael_Sullivan,2.0
Mike_Brey,2.0
Nanni_Moretti,2.0
Nastassia_Kinski,2.0
Pascal_Lamy,2.0
Pat_Burns,2.0
Paul_Wellstone,3.0
Penelope_Cruz,3.0
Pete_Rose,2.0
Prince_Harry,3.0
Raquel_Welch,2.0
Reggie_Miller,2.0
Richard_Butler,2.0
Rolf_Eckrodt,2.0
Samira_Makhmalbaf,2.0
Scott_Rudin,2.0
Shane_Warne,2.0
Sheila_Wellstone,2.0
Steve_Mariucci,3.0
Steven_Seagal,2.0
Tammy_Lynn_Michaels,2.0
Theodore_Tweed_Roosevelt,3.0
Torri_Edwards,2.0
Vidar_Helgesen,2.0
Warren_Buffett,3.0
Wesley_Clark,2.0
Yuri_Malenchenko,2.0
Adolfo_Aguilar_Zinser,3.0
Aicha_El_Ouafi,3.0
Akbar_Hashemi_Rafsanjani,3.0
Al_Pacino,3.0
Alex_Barros,2.0
Anastasia_Myskina,3.0
Anna_Nicole_Smith,2.0
Ashton_Kutcher,3.0
Augusto_Roa_Bastos,2.0
Aung_San_Suu_Kyi,2.0
Barry_Zito,2.0
Bob_Dole,3.0
Bob_Geldof,2.0
Brian_Heidik,2.0
Bruce_Weber,2.0
Carlos_Mesa,2.0
Carolyn_Dawn_Johnson,3.0
Chakib_Khelil,2.0
Christian_Fittipaldi,2.0
Cristina_Fernandez,2.0
Damon_van_Dam,2.0
Dan_Wheldon,2.0
David_Coulthard,2.0
David_Kelley,2.0
Debra_Brown,2.0
Dennis_Erickson,2.0
Derek_Lowe,2.0
Eddie_Sutton,2.0
Edie_Falco,2.0
Elijah_Wood,3.0
Emily_Robison,2.0
Eunice_Barber,2.0
Felix_Mantilla,2.0
Frank_Dunham_Jr,2.0
Franko_Simatovic,2.0
Fred_Eckhard,3.0
Garry_Kasparov,2.0
Hassan_Nasrallah,2.0
Heinz_Feldmann,3.0
Iban_Mayo,2.0
Imad_Moustapha,2.0
Inam-ul-Haq,2.0
James_Gandolfini,3.0
Janet_Thorpe,2.0
Jeffrey_Scott_Postell,2.0
Job_Cohen,2.0
John_McCormack,2.0
John_Ruiz,2.0
John_Stallworth,2.0
Jonathan_Mostow,2.0
Jorge_Arce,2.0
Jose_Canseco,3.0
Juan_Manuel_Marquez,3.0
Juan_Valencia_Osorio,2.0
Kemal_Dervis,3.0
Kenneth_Evans,2.0
Kifah_Ajouri,2.0
Larry_Lucchino,2.0
Latrell_Sprewell,2.0
Lech_Walesa,2.0
Lee_Tae-sik,2.0
Len_Jenoff,2.0
Mary_Tyler_Moore,2.0
Mathias_Reichhold,3.0
Maureen_Fanning,2.0
Melanie_Griffith,3.0
Michael_Ballack,3.0
Michael_Winterbottom,3.0
Michelle_Collins,2.0
Mike_Holmgren,2.0
Mike_Price,2.0
Milo_Maestrecampo,3.0
Mohamed_Benaissa,2.0
Morgan_Freeman,2.0
Mukesh_Ambani,3.0
Paris_Hilton,2.0
Pat_Cox,2.0
Paul_Hogan,2.0
Paulo_Cesar_Pinheiro,2.0
Pete_Carroll,3.0
Phil_Vassar,2.0
Pierre_Boulanger,2.0
Prince_Willem-Alexander,3.0
Ray_Nagin,2.0
Ricardo_Maduro,2.0
Richard_Branson,2.0
Rick_Wagoner,2.0
Robbie_Williams,3.0
Roseanne_Barr,3.0
Ruben_Studdard,2.0
Sammy_Sosa,2.0
Sharon_Davis,2.0
Shaul_Mofaz,3.0
Stan_Heath,2.0
Svetlana_Koroleva,2.0
Terrell_Suggs,2.0
Tony_Curtis,2.0
Vladimiro_Montesinos,3.0
Will_Smith,2.0
Yuri_Fedotov,2.0
Aitor_Gonzalez,2.0
Allison_Janney,2.0
Alvaro_Noboa,3.0
Amanda_Coetzer,2.0
Anneli_Jaatteenmaki,2.0
Arnaud_Clement,2.0
Arsinee_Khanjian,2.0
Betsy_Smith,2.0
Bill_Callahan,3.0
Blythe_Hartley,2.0
Bobby_Goldwater,2.0
Bono,3.0
Brian_Mulroney,2.0
Bridgette_Wilson-Sampras,3.0
Carlos_Ghosn,2.0
Carlos_Manuel_Pruneda,3.0
Charlotte_Rampling,2.0
Chick_Hearn,3.0
Chuck_Amato,2.0
Cindy_Crawford,3.0
Cindy_Margolis,2.0
Claire_Danes,3.0
Conchita_Martinez,3.0
Dan_Morales,3.0
David_Myers,2.0
Donatella_Versace,3.0
Donna_Shalala,2.0
Edmund_Hillary,3.0
Elisabeth_Schumacher,2.0
Eric_Robert_Rudolph,3.0
Francis_Mer,2.0
Gary_Locke,2.0
Gianna_Angelopoulos-Daskalaki,3.0
Goh_Kun,2.0
Grady_Irvin_Jr,2.0
Harry_Belafonte,2.0
Hermann_Maier,2.0
Isabelle_Huppert,2.0
James_Butts,2.0
Jan-Michael_Gambill,3.0
Jean-Francois_Pontal,3.0
Jean-Marc_de_La_Sabliere,2.0
Jean-Sebastien_Giguere,2.0
Jeffrey_Jones,2.0
Jim_OBrien,3.0
Joe_Gatti,2.0
John_Cusack,2.0
John_Spencer,2.0
John_Taylor,2.0
John_Walsh,2.0
Jolanta_Kwasniewski,2.0
Jose_Mourinho,2.0
Juergen_Peters,2.0
Kelli_White,2.0
Kim_Jin-sun,2.0
Lana_Clarkson,2.0
Laura_Hernandez,2.0
Lenny_Wilkens,3.0
Lloyd_Ward,2.0
Mark_Cuban,2.0
Mark_Heller,2.0
Mark_Schweiker,2.0
Marty_Mornhinweg,3.0
Miguel_Estrada,2.0
Nadine_Vinzens,2.0
Nathan_Lane,2.0
Parris_Glendening,2.0
Patrick_Leahy,2.0
Patrick_McEnroe,2.0
Patrick_Stewart,2.0
Paul_Gascoigne,3.0
Peter_Hillary,2.0
Phan_Van_Khai,3.0
Raghad_Saddam_Hussein,2.0
Ray_Allen,3.0
Richard_Crenna,2.0
Rick_Romley,3.0
Robby_Ginepri,2.0
Robert_Witt,2.0
Rod_Blagojevich,2.0
Rolandas_Paksas,2.0
Russell_Coutts,2.0
Ruth_Dreifuss,2.0
Sean_Patrick_OMalley,3.0
Sebastian_Saja,3.0
Stanley_Tong,2.0
Steve_Park,2.0
Susie_Castillo,2.0
Takashi_Sorimachi,2.0
Terje_Roed-Larsen,2.0
Thomas_Birmingham,2.0
Tim_Curry,2.0
Tom_Brady,2.0
Toshihiko_Fukui,3.0
Uma_Thurman,3.0
Vaclav_Klaus,2.0
Vin_Diesel,2.0
Vladimir_Spidla,3.0
Adrian_Nastase,2.0
Albrecht_Mentz,2.0
Alimzhan_Tokhtakhounov,2.0
Begum_Khaleda_Zia,2.0
Ben_Curtis,3.0
Bijan_Namdar_Zangeneh,2.0
Billy_Graham,2.0
Bob_Colvin,2.0
Brian_Cowen,2.0
Butch_Davis,2.0
Byron_Scott,2.0
Carol_Burnett,2.0
Charles_Mathews,2.0
Christine_Ebersole,2.0
Claudia_Schiffer,3.0
Cristina_Saralegui,2.0
Cyndi_Thompson,2.0
Diana_Munz,3.0
Donald_Pettit,3.0
Doug_Collins,2.0
Edward_James_Olmos,2.0
Elin_Nordegren,2.0
Elizabeth_Taylor,2.0
Ellen_DeGeneres,2.0
Ernesto_Zedillo,2.0
Fabrice_Santoro,3.0
Flavia_Delaroli,2.0
Fran_Drescher,2.0
Frank_Stallone,2.0
Freddy_Garcia,2.0
Gerard_Depardieu,2.0
Hans_Eichel,3.0
Herta_Daeubler-Gmelin,2.0
Hilary_Duff,3.0
Inocencio_Arias,2.0
Jane_Kaczmarek,2.0
Jay_Leno,3.0
Jeff_Van_Gundy,3.0
Jim_Carrey,3.0
John_F_Kennedy_Jr,2.0
John_Garamendi,2.0
John_Reid,3.0
John_Rigas,2.0
Julia_Tymoshenko,3.0
Keith_Bogans,3.0
Ken_Macha,3.0
Kenneth_Bowersox,3.0
LK_Advani,3.0
Lauren_Killian,2.0
Lennox_Lewis,3.0
Leszek_Miller,3.0
Lili_Taylor,2.0
Lily_Tomlin,2.0
Lon_Kruger,2.0
Lynn_Abraham,2.0
Mark_Gottfried,3.0
Mark_Richt,3.0
Mary-Kate_Olsen,3.0
Matt_Dillon,3.0
Max_Mayfield,2.0
Megan_Mullally,3.0
Michael_J_Sheehan,2.0
Michael_Keaton,2.0
Miguel_Contreras,2.0
Mohammed_Baqir_al-Hakim,3.0
Monica_Lewinsky,3.0
Nancy_Demme,2.0
Nancy_Reagan,2.0
Natasha_McElhone,3.0
Neri_Marcore,2.0
Nicholas_Tse,2.0
Nicolas_Escude,2.0
Orrin_Hatch,2.0
Penelope_Ann_Miller,2.0
Peter_Arnett,3.0
Petria_Thomas,3.0
Petro_Symonenko,2.0
Ricardo_Lopez_Murphy,2.0
Ricky_Ponting,2.0
Robert_Stack,2.0
Robin_Cook,2.0
Sally_Ride,2.0
Scott_McNealy,2.0
Scott_Ritter,2.0
Sean_Penn,3.0
Steve_Backley,2.0
Steven_Hatfill,2.0
Tassos_Papadopoulos,3.0
Taufik_Hidayat,3.0
Thomas_Malchow,2.0
Toni_Braxton,3.0
Yann_Martel,2.0
Adam_Scott,2.0
Ahmad_Masood,2.0
Ahmet_Necdet_Sezer,2.0
Alan_Mulally,2.0
Alberto_Ruiz_Gallardon,2.0
Alexander_Rumyantsev,2.0
Ali_Abbas,2.0
Andrei_Mikhnevich,2.0
Anthony_LaPaglia,2.0
Arantxa_Sanchez-Vicario,2.0
Arlen_Specter,3.0
Barry_Alvarez,2.0
Bill_Belichick,2.0
Bill_Sizemore,2.0
Boris_Yeltsin,2.0
Bruce_Van_De_Velde,2.0
Camilla_Parker_Bowles,2.0
Carlos_Ortega,3.0
Carolina_Kluft,3.0
Cesar_Maia,2.0
Chen_Liang_Yu,2.0
Coretta_Scott_King,3.0
Courtney_Love,2.0
Daniel_Day-Lewis,3.0
Daniela_Hantuchova,2.0
Debra_Messing,3.0
Dennis_Kozlowski,2.0
Dick_Latessa,2.0
Dominik_Garcia-Lorido,2.0
Elizabeth_Shue,2.0
Ellen_Engleman,2.0
Emile_Lahoud,2.0
Emma_Thompson,3.0
Emmit_Smith,2.0
Eric_Hinske,2.0
Frances_Fisher,2.0
Frank_Griswold,2.0
Gary_Forsee,2.0
Gregory_Hines,2.0
Guillermo_Ortiz,2.0
Gus_Van_Sant,3.0
Gwendal_Peizerat,3.0
Hannah_Stockbauer,2.0
Hichiro_Naemura,2.0
Intisar_Ajouri,3.0
Jack_Nicholson,3.0
James_Maguire,2.0
James_Smith,2.0
Jeffrey_Immelt,2.0
Jerry_Falwell,2.0
Jesse_Harris,3.0
Jessica_Alba,2.0
Joan_Claybrook,2.0
Joe_Calzaghe,2.0
Joerg_Haider,2.0
John_Jumper,2.0
John_Mayer,3.0
John_Reilly,2.0
John_Rowland,2.0
Johnny_Depp,2.0
Jon_Corzine,3.0
Jon_Voight,3.0
Jose_Dirceu,2.0
Jose_Sarney,3.0
Jude_Law,2.0
Kelly_Clarkson,3.0
Kiki_Vandeweghe,2.0
Laurent_Gbagbo,2.0
Lee_Soo-hyuck,3.0
Leslie_Caldwell,3.0
Liu_Mingkang,2.0
Luciano_Pavarotti,3.0
Madeleine_Albright,3.0
Marcus_Gronholm,2.0
Marissa_Jaret_Winokur,2.0
Mark_Dacey,2.0
Mark_Geragos,2.0
Mark_Warner,2.0
Markus_Naslund,2.0
Martha_Beatriz_Roque,2.0
Masum_Turker,3.0
Mesut_Yilmaz,2.0
Michel_Temer,2.0
Mike_Helton,2.0
Mike_Miller,2.0
Nancy_Sinatra,2.0
Nebojsa_Pavkovic,2.0
Olesya_Bonabarenko,2.0
Patti_Labelle,3.0
Paul_Pierce,2.0
Paul_Shanley,3.0
Phil_Mickelson,2.0
Princess_Anne,2.0
Princess_Elisabeth,2.0
Priscilla_Owen,2.0
Ralph_Lauren,2.0
Richard_Norton-Taylor,2.0
Richie_Adubato,2.0
Robert_Bullock,2.0
Robert_DeFraites,2.0
Robert_Ehrlich,2.0
Robert_Mugabe,2.0
Robert_Torricelli,3.0
Roberto_Benigni,2.0
Rodrigo_Borja,2.0
Ron_Howard,2.0
Ronald_Reagan,3.0
Rosemarie_Stack,2.0
Roy_Jones_Jr,2.0
Rupert_Murdoch,2.0
Saburo_Kawabuchi,2.0
Sam_Mendes,2.0
Sam_Torrance,3.0
Shannon_OBrien,2.0
Sharon_Osbourne,3.0
Sheila_Fraser,2.0
Stanley_McChrystal,3.0
Strom_Thurmond,3.0
Surakait_Sathirathai,2.0
Susan_Collins,2.0
Terry_Stotts,2.0
Tim_Chapman,2.0
Tom_Reilly,3.0
Vanessa_Williams,3.0
Vicki_Zhao_Wei,2.0
Victoria_Beckham,3.0
Warren_Beatty,2.0
William_Hochul,2.0
Abdullah_al-Attiyah,3.0
Amanda_Beard,2.0
Andrew_Cuomo,2.0
Bernard_Lord,2.0
Beth_Jones,2.0
Blythe_Danner,2.0
Branko_Crvenkovski,3.0
Brigitte_Boisselier,2.0
Carol_Moseley_Braun,2.0
Chris_Bell,2.0
Chung_Mong-hun,2.0
David_Wolf,2.0
Demetrius_Ferraciu,2.0
Denise_Johnson,2.0
Dennis_Powell,2.0
Desiree_Lemosi,2.0
Dolma_Tsering,2.0
Doug_Melvin,3.0
Eddy_Merckx,2.0
Edward_Norton,2.0
Eric_Clapton,2.0
Fabiola_Zuluaga,2.0
Faye_Dunaway,3.0
Ferenc_Madl,2.0
Filippo_Inzaghi,3.0
Francis_George,2.0
Franz_Beckenbauer,2.0
Gary_Bergeron,2.0
George_Foreman,2.0
George_Roy_Hill,2.0
Gregory_Geoffroy,2.0
Hal_Sutton,2.0
Hilmi_Ozkok,2.0
Horst_Koehler,3.0
Howard_Schultz,2.0
Ilan_Ramon,3.0
Jean-Claude_Braquet,2.0
Jean-Claude_Trichet,2.0
Jefferson_Perez,2.0
Jim_Edmonds,2.0
John_Malkovich,3.0
John_McCallum,2.0
John_McEnroe,2.0
John_Rosa,3.0
Johnny_Unitas,2.0
Julio_Iglesias_Jr,2.0
Kathleen_Glynn,2.0
Kirk_Johnson,3.0
Kosuke_Kitajima,2.0
Kurt_Russell,2.0
Larry_Ellison,3.0
Lawrence_MacAulay,2.0
Lea_Fastow,2.0
Lim_Dong-won,2.0
Lindsay_Benko,2.0
Lou_Piniella,3.0
Luke_Walton,2.0
Marat_Safin,3.0
Mariana_Pollack,3.0
Masahiko_Nagasawa,2.0
Michael_Kostelnik,2.0
Michael_Leavitt,2.0
Michelle_Branch,2.0
Mike_Montgomery,2.0
Minnie_Driver,2.0
Miyako_Miyazaki,2.0
Muammar_Gaddafi,2.0
Munir_Akram,2.0
Nicholas_Byron,2.0
Nikki_Reed,2.0
Norman_Jewison,2.0
Olivia_Newton-John,2.0
Pascal_Quignard,3.0
Patrice_Chereau,2.0
Patrick_Ewing,2.0
Peter_Harrison,2.0
Raymond_Odierno,2.0
Richard_Krajicek,3.0
Rick_Santorum,3.0
Rick_Stansbury,3.0
Robert_Blackwill,2.0
Robert_Horan,2.0
Robinson_Stevenin,2.0
Roger_Clemens,2.0
Sadie_Frost,3.0
Saparmurat_Niyazov,2.0
Sarah_Michelle_Gellar,3.0
Shane_Mosley,2.0
Shia_LaBeouf,2.0
Steve_Spurrier,2.0
Steve_Waugh,2.0
Suzanne_Gaudet,2.0
Thomas_Bjorn,2.0
Tim_Conway,3.0
Tom_Jones,2.0
Tracee_Ellis_Ross,2.0
Tubby_Smith,3.0
Valdas_Adamkus,2.0
Vivica_Fox,2.0
William_Rehnquist,2.0
Yossi_Beilin,2.0
Adrian_McPherson,2.0
Al_Davis,2.0
Alice_Fisher,2.0
Alison_Lohman,2.0
Anders_Ebbeson,3.0
Andrew_Bunner,2.0
Andrew_Weissmann,3.0
Anibal_Ibarra,3.0
Antonio_Trillanes,3.0
Asa_Hutchinson,2.0
Barrett_Jackman,2.0
Bijan_Darvish,3.0
Billy_Sollie,2.0
Boris_Berezovsky,2.0
Brooke_Shields,2.0
Carlo_Ancelotti,3.0
Carson_Daly,2.0
Chok_Tong_Goh,2.0
Chris_Byrd,2.0
Chris_Cooper,2.0
Chris_Tucker,2.0
Christopher_Patten,2.0
Constance_Marie,3.0
Dolly_Parton,2.0
Doug_Duncan,2.0
Edward_Kennedy,3.0
Edward_Said,2.0
Elena_Bovina,3.0
Elvis_Presley,2.0
Franco_Dragone,2.0
Gabriel_Batistuta,2.0
Gary_Carter,3.0
Gary_Doer,3.0
George_P_Bush,2.0
George_Tenet,2.0
George_Voinovich,3.0
Georgi_Parvanov,2.0
Goran_Persson,2.0
Gro_Harlem_Brundtland,2.0
Guillaume_Soro,2.0
Hee-Won_Han,3.0
Howard_Smith,2.0
James_Franco,2.0
James_Ivory,2.0
James_Morris,2.0
James_Schultz,2.0
James_Traficant,3.0
Jane_Pauley,2.0
Jason_Jennings,2.0
Javier_Weber,3.0
Jennifer_Rodriguez,2.0
Jo_Dee_Messina,2.0
Joe_Mantello,2.0
John_Blaney,2.0
John_Brady,2.0
Johnny_Tapia,3.0
Jorge_Valdano,2.0
Joseph_Deiss,3.0
Kate_Capshaw,2.0
Kathryn_Bigelow,2.0
Klaus_Zwickel,2.0
Kristen_Breitweiser,3.0
Laila_Ali,3.0
Larry_Johnson,2.0
Lars_Von_Trier,3.0
Leander_Paes,2.0
Liam_Neeson,3.0
Lino_Oviedo,3.0
Lynne_Cheney,3.0
Maggie_Smith,2.0
Marcelo_Salas,3.0
Mariangel_Ruiz_Torrealba,3.0
Marisa_Tomei,2.0
Mary_Landrieu,3.0
Mary_Steenburgen,3.0
Mel_Brooks,2.0
Mel_Gibson,2.0
Michael_Moore,3.0
Michel_Duclos,2.0
Michel_Therrien,2.0
Michelle_Pfeiffer,3.0
Nabil_Shaath,3.0
Natalie_Cole,3.0
Oleksandr_Moroz,2.0
Oscar_Elias_Biscet,2.0
Patrick_Roy,2.0
Paul-Henri_Mathieu,3.0
Paul_Byrd,2.0
Paul_Kagame,2.0
Peter_Costello,2.0
Peter_Greenaway,2.0
Prince_Naruhito,3.0
Princess_Masako,2.0
Rachel_Griffiths,3.0
Ralph_Firman,2.0
Ralph_Klein,2.0
Ranil_Wickremasinghe,3.0
Ricky_Martin,2.0
Rita_Moreno,2.0
Roberto_Marinho,3.0
Sean_Astin,3.0
Shaukat_Aziz,2.0
Silvio_Fernandez,2.0
Stellan_Skarsgard,2.0
Tamara_Brooks,2.0
Tracy_McGrady,2.0
Tyron_Garner,2.0
Vince_Gill,2.0
Wu_Yi,3.0
Zhang_Wenkang,2.0
Abdel_Nasser_Assidi,2.0
Abdullatif_Sener,2.0
Aldo_Paredes,2.0
Alejandro_Avila,3.0
Alex_Sink,3.0
Allen_Iverson,2.0
Amram_Mitzna,2.0
Andrew_Niccol,2.0
Andy_Hebb,2.0
Anne_Krueger,3.0
Anne_McLellan,3.0
Annette_Bening,2.0
Anthony_Hopkins,2.0
Art_Hoffmann,2.0
Bill_Parcells,2.0
Bo_Ryan,2.0
Bob_Beauprez,2.0
Brendan_Hansen,2.0
Brian_Wells,2.0
Carlos_Bianchi,2.0
Carlos_Quintanilla_Schmidt,2.0
Carolina_Moraes,2.0
Cecilia_Bolocco,3.0
Charlie_Zaa,2.0
Chita_Rivera,2.0
Christian_Longo,3.0
Christian_Wulff,2.0
Colin_Jackson,2.0
Darrell_Issa,2.0
Darrell_Porter,2.0
Dave_Campo,3.0
David_Dodge,2.0
David_Heyman,2.0
David_Spade,2.0
Dexter_Jackson,2.0
Diana_Taurasi,2.0
Donald_Evans,2.0
Duane_Lee_Chapman,2.0
Ed_Smart,3.0
Eileen_Coparropa,3.0
Fred_Funk,2.0
Gabriel_Valdes,2.0
Gary_Winnick,2.0
Geno_Auriemma,2.0
George_Karl,2.0
Gordon_Campbell,2.0
Gustavo_Kuerten,3.0
Guy_Hemmings,2.0
Henrique_Meirelles,2.0
Iva_Majoli,2.0
Jacqueline_Obradors,2.0
Jada_Pinkett_Smith,2.0
James_Cunningham,3.0
James_Parker,2.0
Jason_Lezak,2.0
Jay_Rasulo,2.0
Jayson_Williams,3.0
Jean-Claude_Juncker,2.0
Jesse_James_Leija,2.0
Jesse_Ventura,3.0
Jia_Qinglin,2.0
Joe_Dumars,2.0
John_Swofford,3.0
John_Timoney,2.0
Juanes,3.0
Julie_Taymor,2.0
Karin_Stoiber,2.0
Kim_Yong-il,3.0
Kimi_Raikkonen,3.0
Kjell_Magne_Bondevik,3.0
Kobe_Bryant,3.0
Kwon_Yang-sook,3.0
Lee_Jun,2.0
Leonard_Hamilton,2.0
Lina_Krasnoroutskaya,2.0
Lionel_Richie,2.0
Lisa_Raymond,2.0
Lord_Hutton,2.0
Luiz_Felipe_Scolari,2.0
Lynn_Redgrave,3.0
Magdalena_Maleeva,3.0
Marcelo_Ebrard,3.0
Margaret_Thatcher,2.0
Marilyn_Monroe,2.0
Mario_Cipollini,2.0
Marwan_Barghouthi,2.0
Michael_Patrick_King,2.0
Michelle_Rodriguez,2.0
Mike_Babcock,2.0
Mike_Scioscia,2.0
Mikulas_Dzurinda,2.0
Miroljub,2.0
Nasser_al-Kidwa,2.0
OJ_Simpson,2.0
Orlando_Bloom,3.0
Ozzy_Osbourne,3.0
Paul_Coppin,2.0
Paul_McNulty,2.0
Paul_Patton,2.0
Paula_Zahn,2.0
Pierre_Pettigrew,3.0
Ricky_Barnes,2.0
Rob_Schneider,2.0
Robbie_Fowler,2.0
Rogerio_Romero,2.0
Rupert_Grint,3.0
Ruth_Harlow,2.0
Salman_Rushdie,3.0
Scott_Sullivan,2.0
Scott_Wolf,2.0
Simon_Cowell,2.0
Stacy_Dragila,2.0
Stefano_Accorsi,2.0
Stephen_Ambrose,2.0
Stephen_Daldry,2.0
Stephen_Friedman,2.0
Sue_Wicks,2.0
Theo_Epstein,2.0
Thomas_Wyman,2.0
Tim_Floyd,2.0
Tom_Watson,3.0
Tommy_Robredo,3.0
Tony_Parker,2.0
Vladimir_Voltchkov,2.0
Wang_Yi,2.0
William_Burns,2.0
Zafarullah_Khan_Jamali,2.0
